Cluster_ID,Dominant_Locality,Localities,Center_Latitude,Center_Longitude,Total_Cells,Cluster_Area_km2,High_Cells,Very_High_Cells,Mean_Median_LST,Maximum_LST,Mean_Heat_Score,Maximum_Heat_Score,Mean_Hot_Frequency,Mean_Tree_Probability,Mean_Built_Probability,Average_Greening_Percent,Total_Trees_To_Plant,Tree_Canopy_Target_m2,Non_Tree_Cooling_Area_m2,Strong_Cells,Moderate_Reliability_Cells,Limited_Cells,Model_Only_Cells,Dominant_Planning_Reliability,Mean_Hot_Frequency_Percent,Mean_Tree_Probability_Percent,Mean_Built_Probability_Percent,Cluster_Rank_Score,Cluster_Rank
21,Shettihalli,Shettihalli,13.05695292849443,77.53354943397632,1,1,0,1,42.86838563150003,47.08762369970003,75.03689147162082,75.03689147162082,0.8333333333333334,0.0477623271290212,0.6442504564183764,17.529106064733945,2922,87645.53032366974,87645.53032366974,0,1,0,0,Moderate,83.33333333333334,4.77623271290212,64.42504564183764,79.19249069680124,1
15,Hemmigepura,Hemmigepura,12.904240028745958,77.49667478945626,1,1,0,1,43.26434615840002,44.03345192870005,73.68019367875438,73.68019367875438,0.6666666666666666,0.0326725924387574,0.7408876204863191,17.733699191402614,2069,62067.947169909145,115269.044744117,0,1,0,0,Moderate,66.66666666666666,3.2672592438757397,74.0887620486319,74.90946890846139,2
1,Shyanumangala,Shyanumangala,12.805425799496946,77.4505814838062,1,1,0,1,43.99416178880004,47.86240338320003,70.02236619220076,70.02236619220076,0.6666666666666666,0.0513858944177627,0.1858265607152134,16.408105552561526,4649,139468.897196773,24612.158328842284,0,1,0,0,Moderate,66.66666666666666,5.13858944177627,18.58265607152134,72.34898966787387,3
64,Singena Agrahara,Singena Agrahara,12.832375134746677,77.70870399544657,1,1,0,1,42.35074359260004,44.381286734000014,65.37747797224104,65.37747797224104,0.6666666666666666,0.0284549372736364,0.2779405858600512,16.516852919842684,4680,140393.24981866282,24775.27937976402,0,1,0,0,Moderate,66.66666666666666,2.8454937273636403,27.79405858600512,69.09756791390205,4
27,Bannerughatta,Bannerughatta,12.805425799496946,77.57042407849637,1,1,0,1,42.07170498485003,45.59637575390001,61.82549857995355,61.82549857995355,0.75,0.1026239410275593,0.1087188369128853,15.772029533831573,4469,134062.25103756835,23658.04430074737,0,1,0,0,Moderate,75.0,10.26239410275593,10.871883691288529,68.27784900596748,5
62,Maralakunte,Maralakunte,13.146784045993533,77.69948533431655,1,1,0,1,41.20139164235003,47.29795156040008,61.12496375556523,61.12496375556523,0.75,0.037549894012045,0.1547443725285119,16.083023473164832,4557,136705.69952190106,24124.535209747264,0,1,0,0,Moderate,75.0,3.7549894012044995,15.474437252851189,67.78747462889567,6
23,Kannaiakana Agrahara,Kannaiakana Agrahara,12.823392022996766,77.55198675623635,1,1,0,1,44.12649043310002,46.769662389199965,64.43255124459574,64.43255124459574,0.6,0.0616484284400939,0.0599304039496928,15.91733267872695,4510,135297.32776917907,23875.999018090428,0,1,0,0,Moderate,60.0,6.16484284400939,5.99304039496928,67.10278587121702,7
38,Koppa,Koppa,12.805425799496946,77.62573604527645,1,1,0,1,40.9020158156,46.34331566450003,66.62347290299937,66.62347290299937,0.5,0.0276753047364763,0.7324454468325712,17.486538919029,2041,61202.886216601495,113662.5029736885,0,1,0,0,Moderate,50.0,2.7675304736476303,73.24454468325712,66.63643103209955,8
22,Byatarayanadoddi,Byatarayanadoddi,12.805425799496946,77.55198675623635,1,1,0,1,41.28522712790004,45.99496815620003,64.18517585118867,64.18517585118867,0.5714285714285714,0.0368586564436554,0.4738529140595346,16.841371816700534,3930,117889.60271690373,50524.11545010161,1,0,0,0,Strong,57.14285714285714,3.68586564436554,47.38529140595346,66.3581945244035,9
8,Soladevanahalli,Soladevanahalli,13.09288537549407,77.47823746719624,1,1,0,1,41.10458477090004,43.72391603750004,61.34906308344563,61.34906308344563,0.6666666666666666,0.0932440496981144,0.4073172518983483,16.396470842678788,3826,114775.2958987515,49189.412528036366,0,1,0,0,Moderate,66.66666666666666,9.32440496981144,40.731725189834826,66.27767749174527,10
11,Uttari,Uttari,12.814408911246856,77.48745612832626,1,1,0,1,42.45260058860004,48.78856717249998,61.55723551391945,61.55723551391945,0.6,0.0786558724939823,0.0989575535058975,15.83197158399402,4486,134571.75846394917,23747.95737599104,0,1,0,0,Moderate,60.0,7.86558724939823,9.895755350589749,65.09006485974362,11
29,Dharmaraya Swamy Temple Ward,"Dharmaraya Swamy Temple Ward, SilverJubilee Park Ward, Ashokanagar",12.964127440412026,77.58886140075639,3,3,1,2,39.77979439910002,44.7377691299,64.02706428346312,71.6803732656872,0.5555555555555555,0.028449483565054803,0.7171336406997094,15.493507634995007,5425,162681.83016744757,302123.3988824027,0,3,0,0,Moderate,55.55555555555555,2.8449483565054803,71.71336406997094,64.51005002175799,12
46,Byyappanahalli,Byyappanahalli,13.128817822493712,77.65339202866649,1,1,0,1,41.42348603690002,43.62113617610002,55.876188134988645,55.876188134988645,0.6666666666666666,0.084743388928473,0.1049200035631656,15.62126755500643,4427,132780.77421755466,23431.90133250965,0,1,0,0,Moderate,66.66666666666666,8.4743388928473,10.49200035631656,62.44666502782539,13
45,Agaram,Agaram,12.922206252245775,77.65339202866649,1,1,0,1,38.117295106250026,44.138470593200026,59.77208763187342,59.77208763187342,0.5,0.029986273148097,0.742113727144897,17.256183958897765,2014,60396.64385614217,112165.19573283546,0,1,0,0,Moderate,50.0,2.9986273148097,74.2113727144897,61.84046134231139,14
40,HSR Layout,HSR Layout,12.922206252245775,77.63495470640646,1,1,0,1,39.56927000225002,43.5230048219,59.244600294900216,59.244600294900216,0.5,0.028689429454971,0.7429120058659464,17.244047812010233,2012,60354.167342035806,112086.31077806652,0,1,0,0,Moderate,50.0,2.8689429454971003,74.29120058659464,61.471220206430154,15
20,Anjanapura,"Anjanapura, Talagattapura",12.866810396454666,77.553523199758,6,6,3,3,38.93456220252503,44.26973965130004,60.883252705423764,73.35157279405811,0.5365079365079366,0.04066689517413402,0.7184136542513166,14.406629983711078,10645,319255.6146312163,545142.1843914484,0,5,1,0,Moderate,53.65079365079366,4.066689517413402,71.84136542513167,61.46551564611396,16
10,Dasenahalli,Dasenahalli,13.146784045993533,77.47823746719624,1,1,0,1,40.71698130290005,42.63264479210002,58.53096077568528,58.53096077568528,0.5,0.065645937458612,0.6492287145229056,16.89111894879852,2816,84455.59474399261,84455.59474399261,0,1,0,0,Moderate,50.0,6.5645937458612,64.92287145229056,60.9716725429797,17
55,Yamalur,Yamalur,12.940172475745598,77.68104801205654,1,1,0,1,41.756614811150015,44.57146536680004,58.43510475988722,58.43510475988722,0.5,0.0262168614426627,0.400379202561453,16.52920831528755,3857,115704.45820701288,49587.62494586267,0,1,0,0,Moderate,50.0,2.62168614426627,40.0379202561453,60.90457333192105,18
41,Kogilu,Kogilu,13.110851598993891,77.63495470640646,1,1,0,1,39.70602498245002,43.05935040890003,57.84696902795248,57.84696902795248,0.5,0.0328330054180696,0.6961617270717397,17.084456059020948,2848,85422.28029510473,85422.28029510473,0,1,0,0,Moderate,50.0,3.28330054180696,69.61617270717397,60.49287831956674,19
61,Chokkanahalli,Chokkanahalli,13.119834710743802,77.69948533431655,1,1,0,1,40.80698631455002,43.90202905969999,56.89769500984092,56.89769500984092,0.5,0.085679487325251,0.2464207697194069,15.94109400831133,4517,135499.2990706463,23911.641012467007,0,1,0,0,Moderate,50.0,8.567948732525101,24.64207697194069,59.82838650688865,20
53,Rayasandra,Rayasandra,12.877290693496228,77.68104801205654,1,1,0,1,38.636005276400034,42.93380653430004,56.40047102477182,56.40047102477182,0.5,0.0303333718329667,0.6651232071453705,16.979773208589584,2830,84898.86604294792,84898.86604294792,0,1,0,0,Moderate,50.0,3.0333371832966702,66.51232071453705,59.48032971734027,21
13,Hemmigepura,Hemmigepura,12.886273805246136,77.48745612832626,1,1,0,1,38.84887101695003,46.67691441650001,56.19531293868878,56.19531293868878,0.5,0.067612147075124,0.4980769047979265,16.49459359044601,3849,115462.15513312204,49483.78077133803,0,1,0,0,Moderate,50.0,6.7612147075124005,49.80769047979265,59.33671905708215,22
2,Dr. Shivaram Karanth Layout,"Dr. Shivaram Karanth Layout, Kambipura, Andrahalli, Bangarappa Nagara, Nada prabhu Kempegowda Nagara, Rajarajeshwari Nagara, Subramanyapura, Tagachaguppe",12.979783047241266,77.51765268761828,127,127,65,62,38.85688708125631,48.32549382290004,57.75355757291149,79.03792983813743,0.41073303337082867,0.03798287865940379,0.6523322661579014,14.117689128184482,265347,7958524.278647038,9970940.914147254,13,69,42,3,Moderate,41.07330333708287,3.798287865940379,65.23322661579014,58.84513379854063,23
56,Mahadevapura,"Mahadevapura, Garudachar Palya",12.989579590370106,77.68565734262154,2,2,1,1,40.298598564800045,43.66673256290003,60.32050932208418,66.02093511355999,0.5,0.04061211657244705,0.7337346051353961,14.391697876162304,3359,100741.88513313614,187092.07239010997,0,2,0,0,Moderate,50.0,4.061211657244705,73.37346051353961,58.64946297332788,24
9,Hesaraghatta,"Hesaraghatta, Hurali Chikkanahalli",13.110851598993891,77.48284679776125,2,2,1,1,39.34399684910001,44.673151461800025,59.393675971431534,68.8455198980612,0.47619047619047616,0.04789338614175265,0.6622231151255342,14.241134034447,4748,142411.34034447,142411.34034447,0,1,1,0,Moderate,47.61904761904761,4.789338614175264,66.22231151255342,58.462343685469015,25
67,Hirandahalli,"Hirandahalli, Bidarahalli, Byappanahalli",13.05695292849443,77.71792265657658,3,3,1,2,40.20386814050003,46.92942064400003,59.94204564948685,62.44451124537005,0.42857142857142855,0.031758711033034966,0.6468195593527829,15.163302184396585,6153,184528.02311439277,270371.0424175047,1,2,0,0,Moderate,42.857142857142854,3.1758711033034968,64.6819559352783,57.82314359170683,26
31,Rajiv Gandhi Nagar,Rajiv Gandhi Nagar,13.052461372619476,77.57964273962638,2,2,1,1,40.362515538800025,43.59941465900001,59.487134766673066,64.6000173660754,0.4666666666666667,0.0307937385514378,0.7269056022632867,14.372619859101366,3355,100608.33901370954,186844.05816831774,0,2,0,0,Moderate,46.666666666666664,3.07937385514378,72.69056022632867,57.252548319855066,27
70,S.M Krishna Ward,S.M Krishna Ward,12.980596478620194,77.7317506482716,2,2,1,1,38.087148169850025,44.45400510950001,57.77229753404416,65.76075920827029,0.4666666666666667,0.03337077575270085,0.7149940896779299,14.313035709433425,3341,100191.249966034,186069.46422263456,0,2,0,0,Moderate,46.666666666666664,3.337077575270085,71.49940896779299,56.77105702572078,28
35,Amruthahalli,Amruthahalli,13.06593604024434,77.60729872301643,1,1,0,1,38.89592860730002,47.42224785770004,56.72855216254054,56.72855216254054,0.3333333333333333,0.0279322753194719,0.7238339281175286,17.119483249945443,1998,59918.19137480905,111276.6411246454,0,1,0,0,Moderate,33.33333333333333,2.79322753194719,72.38339281175286,56.37665318044504,29
71,Manduru,"Manduru, Kattugollahalli, Shringaripura",13.090639597556594,77.73635997883662,4,4,3,1,41.23925689516253,48.86487446900001,57.02926049303788,66.27271130758601,0.5583333333333333,0.1353743796644266,0.20656999538186935,11.867593128006613,12604,378039.5308815381,96664.1942387265,0,4,0,0,Moderate,55.833333333333336,13.537437966442658,20.656999538186934,55.898011715430215,30
51,Bagaluru,"Bagaluru, Huvinayakanahalli",13.128817822493712,77.67643868149153,2,2,1,1,40.312159559150004,45.55060846610001,54.72797038206471,58.80707313148218,0.5333333333333333,0.0587414291221648,0.1833290584618225,13.2671019103246,7519,225540.7324755182,39801.30573097379,0,2,0,0,Moderate,53.333333333333336,5.87414291221648,18.33290584618225,54.996021621466326,31
34,K Narayanapura,"K Narayanapura, Kempapura, Byrathi, HBR Layout, Sampigehalli, Kalyanagar, Babusab Palya, Horamavu",13.042441747975346,77.6531556527401,39,39,26,13,38.07717938305771,47.79378663170003,55.80303494220118,75.91377389442549,0.3765262515262515,0.03329707730761278,0.6829495822514917,13.2394280003594,71720,2151001.0876343055,3012375.8325058604,10,15,14,0,Moderate,37.65262515262515,3.3297077307612777,68.29495822514917,54.95366756145527,32
36,Vittasandra,Vittasandra,12.845849802371541,77.62112671471144,2,2,1,1,39.036934749875016,47.124760487,56.87242985077813,64.27063973281936,0.39285714285714285,0.0338488007639024,0.5580494631092874,14.012596872609656,4672,140125.96872609653,140125.96872609653,0,1,1,0,Moderate,39.285714285714285,3.38488007639024,55.80494631092874,54.51739622319786,33
3,Heggadadevanapura,"Heggadadevanapura, Madanayakanahalli",13.061444484369385,77.4551908143712,2,2,1,1,38.278266758150025,44.879804951000025,56.76624823914776,63.276270555129486,0.39285714285714285,0.03429607973349945,0.6970198940252877,14.257347598577187,3884,116513.41132194907,168633.54064959468,0,1,1,0,Limited,39.285714285714285,3.429607973349945,69.70198940252878,54.22102220354172,34
73,Handrahalli,"Handrahalli, Kaggalahalli",13.12881782249371,77.74250575292328,3,3,2,1,40.72907254865003,47.8566269294,56.82823231790965,65.73118050145719,0.42857142857142855,0.0487333361525088,0.22666108829434958,12.518073409991397,10642,319210.87195478065,56331.33034496129,1,2,0,0,Moderate,42.857142857142854,4.87333361525088,22.666108829434958,53.910261573185544,35
26,Singanayakanahalli,"Singanayakanahalli, Avalahalli",13.143789675410227,77.56735119145304,3,3,2,1,37.88717121305003,46.69162899260004,56.152308278273274,65.92152269189852,0.41904761904761906,0.048665329020122695,0.6429787195046323,13.15362080014913,6578,197304.31200223695,197304.31200223695,1,1,0,1,Model Only,41.904761904761905,4.86653290201227,64.29787195046323,53.463205112483315,36
33,Gantiganahalli,"Gantiganahalli, Suggatta, Kogilu",13.13780093424362,77.59992379411241,5,5,3,2,39.47518558373002,47.2334193428,54.77373165047909,60.04895196141932,0.47714285714285715,0.0553529404229164,0.3119153298965275,12.877491682834915,16427,492738.74153677793,151135.84260496782,0,4,0,1,Moderate,47.714285714285715,5.53529404229164,31.19153298965275,53.20327437592756,37
57,T.C Palya,"T.C Palya, K.R Pura, Bhattarahalli",13.018026110911485,77.6964124472732,3,3,2,1,38.22529029650003,44.95882957340002,55.50564085274065,62.59774469666447,0.44285714285714284,0.03228101545634363,0.7030113967290769,13.260491499672208,6069,182052.22902125845,215762.5159689078,1,2,0,0,Moderate,44.285714285714285,3.228101545634363,70.30113967290768,52.8174507483756,38
65,Belathur,"Belathur, Kaveri Nagara, Hoodi, Basavanapura, K Dommasandra",13.00305425799497,77.7271413177066,7,7,4,3,37.85304309716431,45.84883071110004,54.93945868197757,61.18626686866379,0.3869047619047619,0.033408694900572224,0.6213326835007008,13.654623056722828,15237,457019.6527591602,498803.96121143794,1,6,0,0,Moderate,38.69047619047619,3.3408694900572224,62.13326835007008,52.043132647865384,39
72,Avalahalli,"Avalahalli, Chimasandra, Bandapura",13.038986704994608,77.73943286587995,3,3,2,1,37.96659175610005,45.41674171280001,55.796247147266776,60.301091350426326,0.41111111111111115,0.030879196827299865,0.6413869031627352,13.187304384549355,5903,177047.32366020948,218571.8078762712,0,3,0,0,Moderate,41.111111111111114,3.0879196827299866,64.13869031627351,51.739139609432186,40
17,Kaggalipura,Kaggalipura,12.800934243621992,77.51050278115127,2,2,1,1,39.332649022700004,45.20719999670005,54.03260587308159,58.21273246574911,0.39285714285714285,0.08377343913901135,0.5782216176774706,13.778355406325005,4594,137783.55406325008,137783.55406325008,0,1,0,1,Model Only,39.285714285714285,8.377343913901134,57.82216176774706,51.72499861646685,41
60,Kundalahalli,"Kundalahalli, Panathur, Munnenkolalu",12.949155587495511,77.71100866072906,4,4,2,2,37.62336771736253,46.29160102190004,54.63322292655697,58.054651505423685,0.3630952380952381,0.02755942112695425,0.698922341105358,14.178689389647289,7470,224030.8878786991,343116.6877071925,0,3,1,0,Moderate,36.30952380952381,2.755942112695425,69.8922341105358,51.36051795521132,42
18,Vaddarapalya,"Vaddarapalya, Agara",12.829380764163373,77.51511211171628,3,3,2,1,40.23444517775002,44.4609266,53.76665332690049,56.08033752165667,0.47222222222222215,0.08222742667809742,0.3285152834335652,12.408172706881539,9258,277706.37181251834,94538.8093939278,0,3,0,0,Moderate,47.222222222222214,8.222742667809742,32.85152834335652,50.99285615529717,43
42,Hyarandahalli,"Hyarandahalli, Hulimangala, Kittaganahalli, Bandenallasandra, Electronics City Phase 1, Thirupalya, Hebbagodi, Hosahalli",12.814408911246858,77.66853697195151,14,14,12,2,37.2902526762286,47.01586236980003,52.99212548547931,74.47621522830951,0.3197278911564626,0.03825791252651821,0.6252465732363726,11.98503382461766,27689,830502.1621320734,847402.5733143992,0,3,6,5,Limited,31.97278911564626,3.825791252651821,62.52465732363726,50.28863952724375,44
39,Kodagalahatti,Kodagalahatti,13.146784045993533,77.63034537584146,2,2,1,1,38.59533938345002,44.8267401905,52.773139871068636,56.09692510523176,0.3333333333333333,0.0433837075834162,0.4911926968488842,13.764171712640614,5305,159130.1810023059,116153.25325050634,0,2,0,0,Moderate,33.33333333333333,4.33837075834162,49.11926968488842,49.438810884955494,45
69,Sulikunte,"Sulikunte, Dommasandra, Gunjur, Heggondahalli, Mulluru, Panathur, Kachamaranahalli, Halasahalli",12.902858011553663,77.73777823439508,13,13,10,3,37.510326401207706,47.46545163050004,53.06885729719662,65.45166832548016,0.3176739926739926,0.05043378939978032,0.47711561599385305,12.200639546593047,32385,971328.9227946931,614754.218262403,2,4,4,3,Limited,31.76739926739926,5.043378939978032,47.711561599385305,48.905075026280684,46
16,Aivarakandapura,Aivarakandapura,13.146784045993533,77.49667478945626,1,1,1,0,42.33983156375004,46.92863449940003,55.56249848528575,55.56249848528575,0.5,0.1712103863246738,0.054604995297268,10.1241347915708,2869,86055.1457283518,15186.202187356204,0,1,0,0,Moderate,50.0,17.121038632467382,5.4604995297268,48.893748939700025,47
43,Chikkathoguru,Chikkathoguru,12.859324469996409,77.64417336753648,1,1,1,0,39.96732406640002,46.47904523870002,55.541086827459466,55.541086827459466,0.5,0.1086673197569325,0.3716881169239059,10.70806160785444,2499,74956.43125498109,32124.18482356332,0,1,0,0,Moderate,50.0,10.86673197569325,37.16881169239059,48.87876077922162,48
59,Gunjur,Gunjur,12.913223140495868,77.69948533431655,1,1,1,0,39.26847569719999,43.36239206210004,55.54677040858181,55.54677040858181,0.4,0.0313945449888706,0.6270099515095353,11.245570680467024,1875,56227.85340233512,56227.85340233512,0,1,0,0,Moderate,40.0,3.13945449888706,62.70099515095353,46.882739286007265,49
6,Ullal,"Ullal, Nagadevanahalli, Manganahalli, Jnana Bharathi Ward",12.94915558749551,77.48482222514625,7,7,6,1,37.146816687650016,47.27351271740006,52.63998701979009,60.14084456749654,0.3343537414965986,0.0381189142186853,0.708900133116255,12.092222964255722,11557,346592.00730310974,499863.6001947907,2,3,2,0,Moderate,33.43537414965986,3.8118914218685305,70.8900133116255,46.838851559283086,50
12,Badamanavarthekaval,Badamanavarthekaval,12.868307581746317,77.48745612832626,1,1,1,0,40.58652402455,44.63755278350002,51.96678414626408,51.96678414626408,0.5,0.1244740040274336,0.0686267355922609,10.174635593914386,2883,86484.40254827228,15261.953390871582,0,1,0,0,Moderate,50.0,12.44740040274336,6.86267355922609,46.37674890238486,51
4,Mattahalli,Mattahalli,13.106360043118936,77.4551908143712,2,2,2,0,39.736065105725025,48.317666557099976,52.82510468630395,55.3527071977591,0.41666666666666663,0.12099951429991045,0.2555517824366689,10.456455329448747,5926,177759.74060062872,31369.36598834624,0,2,0,0,Moderate,41.666666666666664,12.099951429991044,25.555178243666887,45.94280724160989,52
25,Sadashiva Nagara,"Sadashiva Nagara, Kuvempu Ward, Gangenahalli, Jaya Chamarajendra Nagara, Manorayanapalya",13.018026110911485,77.5842520701914,6,6,5,1,37.09298856935002,44.82737252420001,51.25431490153401,55.74651417319316,0.31666666666666665,0.03531125253842515,0.7025120623972422,12.182314178052387,10496,314771.8786545632,416166.97202858,3,3,0,0,Moderate,31.666666666666664,3.5311252538425153,70.25120623972421,45.0010702489886,53
66,Chikkasandra,"Chikkasandra, Marasandra",13.097376931369027,77.71331332601157,2,2,2,0,39.104427827300015,48.55762865120004,52.45100868487441,54.18507598926402,0.38095238095238093,0.05970869970042256,0.21969894191715858,10.55122628618548,5436,163050.25430245,47974.271421259604,1,1,0,0,Strong,38.095238095238095,5.970869970042256,21.96989419171586,44.76827052455711,54
19,Vinayaka Layout,Vinayaka Layout,12.967121810995328,77.50589345058627,1,1,1,0,36.54492900080003,42.14448317570003,51.88233303300193,51.88233303300193,0.4,0.0324083501473069,0.7312525445595384,11.298097598387567,1319,39543.34159435649,73437.6343895192,0,1,0,0,Moderate,40.0,3.2408350147306897,73.12525445595384,44.317633123101345,55
30,Sampangirama Nagar,"Sampangirama Nagar, Vasanth Nagar, Rajamahal, S.K Garden",12.99407114624506,77.5888614007564,4,4,4,0,40.01329216287502,43.18844902430001,53.41172467908072,54.81253860104614,0.31666666666666665,0.049396953138057094,0.6253694042097777,11.148530226918929,6874,206136.6830022922,239804.526074465,0,4,0,0,Moderate,31.666666666666664,4.93969531380571,62.53694042097777,44.071744089181195,56
50,Gollahalli,Gollahalli,13.08390226374416,77.67182935092652,1,1,1,0,36.05705791609999,44.12596063999997,52.30471500361183,52.30471500361183,0.3333333333333333,0.028532207943499,0.7040454657981172,11.280807033479096,1317,39482.82461717683,73325.24571761413,0,1,0,0,Moderate,33.33333333333333,2.8532207943499,70.40454657981172,43.27996716919495,57
28,Bannerughatta,Bannerughatta,12.823392022996766,77.57964273962638,1,1,1,0,38.61933388385002,44.61292594940006,50.49292980041628,50.49292980041628,0.375,0.0908465781249105,0.4442099920706823,10.731885538885102,2505,75123.19877219571,32195.65661665531,1,0,0,0,Strong,37.5,9.08465781249105,44.42099920706823,42.845050860291394,58
44,Hosapalya,"Hosapalya, Agara",12.899748472871003,77.64417336753648,2,2,2,0,35.817185545025026,44.49891789230001,51.00914752574879,51.525318513103926,0.3333333333333333,0.029073645826429,0.6951628873066511,11.237009359969157,3182,95439.86478263173,129300.3224167514,0,2,0,0,Moderate,33.33333333333333,2.9073645826429,69.51628873066511,42.5021126815296,59
58,Yarappanahalli,Yarappanahalli,13.09288537549407,77.69026667318654,1,1,1,0,39.423072741800034,44.11040864900002,51.08977026759709,51.08977026759709,0.3333333333333333,0.0484206809196621,0.2347965575754642,10.567702225994973,2995,89825.46892095725,15851.553338992468,0,1,0,0,Moderate,33.33333333333333,4.84206809196621,23.479655757546418,42.42950585398463,60
52,Electronics City Phase 2 (East),"Electronics City Phase 2 (East), Chikkanagamangala",12.854832914121452,77.68565734262154,2,2,2,0,36.59459283140002,46.66638691490007,51.542052302632,52.12799146212595,0.30952380952380953,0.0296729794456864,0.6109836200358414,11.134086485259653,3712,111340.86485259653,111340.86485259653,0,1,1,0,Limited,30.952380952380953,2.96729794456864,61.09836200358414,42.41639759219208,61
68,Kommasandra,Kommasandra,12.859324469996409,77.7317506482716,2,2,2,0,37.86871105670003,46.65968759570007,51.44653875035986,51.94576701568832,0.30952380952380953,0.06454286455928065,0.42139305432208524,10.78866841572641,4839,145150.43960881606,70622.92870571214,0,1,1,0,Limited,30.952380952380953,6.454286455928066,42.13930543220852,42.32786038206021,62
7,Andrahalli,"Andrahalli, Gangodanahalli",13.032997963828004,77.48438324128291,3,3,3,0,35.97659202860003,44.49385922270003,50.60805018913118,52.09341123314146,0.3238095238095238,0.033472082432962826,0.7082396311744366,11.234375749930246,4490,134647.9705266225,202383.30197128485,0,1,2,0,Limited,32.38095238095238,3.3472082432962824,70.82396311744365,42.27316586958487,63
54,Halanayakanahalli,Halanayakanahalli,12.895256916996049,77.68104801205654,1,1,1,0,34.67793811640001,45.51765875330002,50.44132659447394,50.44132659447394,0.3333333333333333,0.0358173644635826,0.6950973349157721,11.206849507764524,1868,56034.24753882262,56034.24753882262,0,1,0,0,Moderate,33.33333333333333,3.58173644635826,69.50973349157721,41.97559528279842,64
24,HMT Ward,"HMT Ward, Doddabommasandra",13.04796981674452,77.55505964327968,3,3,3,0,36.942285219200016,43.9337141051,51.21210615953459,52.83003473297521,0.26111111111111107,0.03986361516096313,0.7157521117478609,11.242872797157375,3937,118050.1643701524,219236.0195445688,0,3,0,0,Moderate,26.111111111111107,3.986361516096313,71.57521117478609,41.47517867725659,65
32,Nyayanga Badavane,Nyayanga Badavane,13.09288537549407,77.57964273962638,1,1,1,0,35.3102205461,43.526798824100034,49.51632319764878,49.51632319764878,0.3333333333333333,0.0336562583688646,0.7420964390039444,11.254108088343484,1313,39389.37830920219,73151.70257423265,0,1,0,0,Moderate,33.33333333333333,3.36562583688646,74.20964390039444,41.32809290502081,66
48,New Thippasandra,New Thippasandra,12.97610492274524,77.66261068979651,1,1,1,0,39.43667646140005,41.780190604100056,53.17670298200684,53.17670298200684,0.2,0.0324633121490478,0.6633338928222656,11.236422398685358,1873,56182.11199342679,56182.11199342679,0,1,0,0,Moderate,20.0,3.2463312149047803,66.33338928222656,41.223692087404785,67
5,Machohalli,Machohalli,13.0300035932447,77.45980014493621,1,1,1,0,36.43606506379999,45.39754953050001,50.589839062908105,50.589839062908105,0.2857142857142857,0.0528834185686898,0.6594114374469637,11.119681353822228,1854,55598.406769111134,55598.406769111134,0,0,1,0,Limited,28.57142857142857,5.28834185686898,65.94114374469638,41.12717305832139,68
63,Chandapura,Chandapura,12.796442687747035,77.70870399544657,1,1,1,0,36.47426143730004,44.10666591710002,50.29413905494248,50.29413905494248,0.2857142857142857,0.033424375449132,0.7042758646196621,11.22175538839865,1310,39276.14385939527,72941.41002459123,0,0,1,0,Limited,28.57142857142857,3.3424375449132,70.4275864619662,40.92018305274545,69
47,Hosahalli,Hosahalli,13.146784045993533,77.65339202866649,1,1,1,0,39.922189112300025,47.93556610130001,50.27234833971629,50.27234833971629,0.2857142857142857,0.0585176103115007,0.2905040250283773,10.59885813431852,3004,90090.29414170742,15898.287201477782,0,0,0,1,Model Only,28.57142857142857,5.85176103115007,29.05040250283773,40.90492955208712,70
49,Kannuru,Kannuru,13.101868487243982,77.66261068979651,1,1,1,0,36.78323335520002,46.63335175160002,50.20626027841474,50.20626027841474,0.2857142857142857,0.0331528887905898,0.6231563286989835,11.110554571892187,1852,55552.772859460936,55552.772859460936,0,0,1,0,Limited,28.57142857142857,3.31528887905898,62.31563286989835,40.858667909176035,71
14,Madhavara,Madhavara,13.061444484369385,77.48745612832626,2,2,2,0,36.30882926930002,44.399368059800025,49.688756693386466,49.90867544979189,0.2857142857142857,0.035195079261411896,0.7006703372431331,11.198261659091436,3173,95170.48390568176,128794.74927614699,0,0,2,0,Limited,28.57142857142857,3.5195079261411895,70.0670337243133,40.5513950887576,72
37,Venkateshpuram,Venkateshpuram,13.01203736974488,77.61651738414643,1,1,1,0,36.42649460780004,44.92786231220002,49.68247060237917,49.68247060237917,0.2,0.0267565250396728,0.718029702315107,11.242553145690689,1312,39348.936009917416,73076.5954469895,0,1,0,0,Moderate,20.0,2.67565250396728,71.8029702315107,38.77772942166542,73
